name,IoU50,IoU75,processTime(s)
ImageMatching,0.256129,0.191843,0.00607208
IoU,0.353044,0.220415,0.000595238
IoUMatching,0.353044,0.220415,0.00178545
