name,IoU50,IoU75,processTime(s)
ImageMatching,0.0809668,0.0809668,0.00273503
IoU,0.321414,0.265382,0.00203106
IoUMatching,0.327128,0.265382,0.00121786
