name,MSE x,MSE y,MSE z,AED
ImageMatching,0.0,0.0,0.0,0.0
IoU,847.101,5.0874,2.09393,36.33
IoUMatching,846.974,5.08662,2.09401,36.318
