name,MSE x,MSE y,MSE z,AED
ImageMatching,126.702,35.9147,2.62417,14.5311
IoU,2153.96,307.185,2.80691,58.9654
IoUMatching,2742.54,1210.07,4.15632,103.4
