name,IoU50,IoU75,processTime(s)
ImageMatching,0.0197709,0.0197709,0.00374423
IoU,0.0576497,0.0576497,0.000371296
IoUMatching,0.0576497,0.0576497,0.000984615
